c_name,p_price,image,url,p_name
성우종합상사,"280,000",https://view01.wemep.co.kr/wmp-product/2/625/116076252/pm_jpmapazhzkat.jpg?1537365861,https://front.wemakeprice.com/product/116076252?utm_source=google_ss&utm_medium=cpc&utm_campaign=r_sa&gclid=Cj0KCQjww47nBRDlARIsAEJ34bnCU1M2uF-iJLylYiAaWTxLrnEn2_hB0lZnX0vF-iEj2fws9j72uUMaAqDvEALw_wcB,태양광모듈 패널 발전 솔라 한화300w 판넬
제이케이이엠씨,"1,100",http://i.011st.com/ex_t/R/400x400/1/85/0/src/pd/18/6/0/3/4/8/7/sQVKP/1964603487_B.png,http://www.11st.co.kr/product/SellerProductDetail.tmall?method=getSellerProductDetail&prdNo=1964603487&gclid=Cj0KCQjww47nBRDlARIsAEJ34bmT16JL-XIehYGG1M4lYwHP1Uw40--Sx54sUAFAIL2mo435Kye5J4gaAmWYEALw_wcB&utm_term=&utm_campaign=%B1%B8%B1%DB%BC%EE%C7%CEPC+%C3%DF%B0%A1%C0%DB%BE%F7&utm_source=%B1%B8%B1%DB_PC_S_%BC%EE%C7%CE&utm_medium=%B0%CB%BB%F6,아두이노 태양광 패널 소형 1.5V 30mA DIY
우엉컴퍼니,"650,000",https://view01.wemep.co.kr/wmp-product/0/667/117506670/pm_mkjbieg7bkpg.jpg?1548308454,https://front.wemakeprice.com/product/117506670?utm_source=google_ss&utm_medium=cpc&utm_campaign=r_sa&gclid=Cj0KCQjww47nBRDlARIsAEJ34bk7e6jABmkamABPD--2Um8uYay1Vf6yojrXwEpZ-YLMlAvTdOBrNPwaAgEUEALw_wcB,한화아파트태양광세트 모듈 패널 미니태양광 발전
니토무역,"28,500",http://i.011st.com/ex_t/R/400x400/1/85/0/src/pd/17/1/5/0/3/9/7/bqzRD/1372150397_B.jpg,http://www.11st.co.kr/product/SellerProductDetail.tmall?method=getSellerProductDetail&prdNo=1372150397&trTypcCd=PW00&trCtgrNo=585021,태양열 집열판 18V10W 전지판 솔라패널 판넬 태양광
꾸메데코,"86,000",http://i.011st.com/ex_t/R/400x400/1/85/0/src/pd/18/9/2/4/7/8/4/tAUcf/2158924784_B.jpg,http://www.11st.co.kr/product/SellerProductDetail.tmall?method=getSellerProductDetail&prdNo=2158924784&trTypcCd=PW00&trCtgrNo=585021,JASOLAR 태양광 모듈 전지판 태양열 발전 패널 집열판
나원에너지,"3,900,000",http://i.011st.com/ex_t/R/400x400/1/85/0/src/pd/19/1/5/3/9/9/4/SzNmC/2300153994_B.jpg,http://www.11st.co.kr/product/SellerProductDetail.tmall?method=getSellerProductDetail&prdNo=2300153994&trTypeCd=PW24&trCtgrNo=585021&lCtgrNo=1001423&mCtgrNo=1058956,한화 3kw 주택용 태양광발전 전국무상설치 및 관리
썬더스타터,"189,000",http://i.011st.com/ex_t/R/48x48/1/85/1/src/pd/19/9/0/3/4/8/7/yFMfT/1803903487_B.jpg,http://www.11st.co.kr/product/SellerProductDetail.tmall?method=getSellerProductDetail&prdNo=1803903487&trTypeCd=PW24&trCtgrNo=585021&lCtgrNo=1001423&mCtgrNo=1058956,플렉시블 ETFE/태양전지 100W/모듈/태양광/패널
영재과학사,"5,000",http://i.011st.com/ex_t/R/400x400/1/85/0/src/pd/18/7/3/1/3/2/0/TRvXx/756731320_B.jpg,http://www.11st.co.kr/product/SellerProductDetail.tmall?method=getSellerProductDetail&prdNo=756731320&trTypeCd=PW24&trCtgrNo=585021&lCtgrNo=1001424&mCtgrNo=1002640,태양전지판 1.5V 3V 선택/ 태양전지 솔라 쏠라 저전류모터 솔라판넬 led전구 태양열 태양광 솔라셀 전지
